method,TPR,TNR,FPR,FNR
kmeans,0.2354859752120026,0.5149649213297486,0.48503507867025136,0.7645140247879973
