method,TPR,TNR,FPR,FNR,Precision,Recall
kmeans,0.2354859752120026,0.5149649213297486,0.4850350786702513,0.7645140247879973,0.0033857928007353,0.2354859752120026
kmeans,0.2354859752120026,0.5149649213297486,0.48503507867025136,0.7645140247879973,0.003385792800735308,0.2354859752120026
